142|Alsegger Straße|Schottentor U|60200026
194|Alsegger Straße|Pötzleinsdorf|60200026
4708|Anastasius-Grün-Gasse|Pötzleinsdorf|60202503
1339|Antonigasse|Pötzleinsdorf~Schottentor U|60200073
104|Augasse  (Schleife)|Pötzleinsdorf~Schottentor U|60200099
145|Aumannplatz|Schottentor U|60200101
191|Aumannplatz|Pötzleinsdorf|60200101
6004|Bahnhof Gürtel|Pötzleinsdorf|60202918
7524|Bhf.Gtl., Bedarfshaltest|Pötzleinsdorf~Schottentor U|60202503
525|Blumengasse|Schottentor U|60200149
551|Blumengasse|Pötzleinsdorf|60200149
209|Canisiusgasse|Schottentor U|60200202
214|Canisiusgasse|Pötzleinsdorf|60200202
131|Eckpergasse|Pötzleinsdorf|60200467
3875|Eduardgasse|Pötzleinsdorf|60201920
3878|Eduardgasse|Pötzleinsdorf~Schottentor U|60201920
526|Elterleinplatz|Schottentor U|60200276
550|Elterleinplatz|Pötzleinsdorf|60200276
1311|Erndtgasse|Pötzleinsdorf|60200287
1317|Erndtgasse|Schottentor U|60200287
143|Gersthof S|Pötzleinsdorf~Schottentor U|60200393
193|Gersthof S|Pötzleinsdorf|60200393
521|Gersthof S|Pötzleinsdorf|60200393
141|Herbeckstraße|Pötzleinsdorf~Schottentor U|60200502
195|Herbeckstraße|Pötzleinsdorf|60200502
224|Hernals, Wattgasse|Pötzleinsdorf~Schottentor U|60200508
230|Hernals, Wattgasse|Pötzleinsdorf|60200508
3876|Johann-Nepomuk-Vogl-Platz|Pötzleinsdorf|60201921
3877|Johann-Nepomuk-Vogl-Platz|Pötzleinsdorf~Schottentor U|60201921
177|Kutschkergasse|Pötzleinsdorf|60200732
187|Kutschkergasse|Schottentor U|60200732
120|Liechtenwerder Platz|Pötzleinsdorf|60200786
3704|Liechtenwerder Platz|Pötzleinsdorf~Schottentor U|60200786
99|Liechtenwerder Platz|Schottentor U|60200786
3708|Marsanogasse|Pötzleinsdorf~Schottentor U|60201570
146|Martinstraße|Schottentor U|60200843
190|Martinstraße|Pötzleinsdorf|60200843
1342|Michelbeuern U AKH|Pötzleinsdorf~Schottentor U|60200874
455|Michelbeuern U AKH|Pötzleinsdorf|60200874
210|Nußdorfer Straße / Alserbachstraße|Schottentor U|60200029
213|Nußdorfer Straße / Alserbachstraße|Pötzleinsdorf|60200029
215|Nußdorfer Straße U|Pötzleinsdorf|60200950
3709|Nußdorfer Straße U|Pötzleinsdorf~Schottentor U|60200950
497|Nußdorfer Straße U|Pötzleinsdorf|60200950
1313|Pötzleinsdorf|Pötzleinsdorf|60201056
1315|Pötzleinsdorf|Pötzleinsdorf~Schottentor U|60201056
223|Rosensteingasse|Schottentor U|60201115
231|Rosensteingasse|Pötzleinsdorf|60201115
1312|Scheibenbergstraße|Pötzleinsdorf|60201202
1316|Scheibenbergstraße|Schottentor U|60201202
160|Schöffelgasse|Pötzleinsdorf~Schottentor U|60201210
1212|Schottentor U|Pötzleinsdorf~Schottentor U|60201184
1213|Schwarzspanierstraße|Pötzleinsdorf|60201197
150|Schwarzspanierstraße|Schottentor U|60201197
149|Sensengasse|Schottentor U|60201226
522|Simonygasse|Pötzleinsdorf~Schottentor U|60201526
554|Simonygasse|Pötzleinsdorf|60201526
1340|Sommarugagasse|Schottentor U|60201272
523|Sommarugagasse|Pötzleinsdorf~Schottentor U|60201272
553|Sommarugagasse|Pötzleinsdorf|60201272
148|Spitalgasse|Schottentor U|60201288
188|Spitalgasse|Pötzleinsdorf|60201288
211|Spitalgasse|Schottentor U|60201288
1275|Sternwartestraße|Pötzleinsdorf~Schottentor U|60201323
1310|Türkenschanzplatz|Pötzleinsdorf|60201397
1318|Türkenschanzplatz|Schottentor U|60201397
1338|Vinzenzgasse|Pötzleinsdorf|60201426
524|Vinzenzgasse|Pötzleinsdorf~Schottentor U|60201426
552|Vinzenzgasse|Pötzleinsdorf|60201426
4709|Währinger Gürtel|Pötzleinsdorf~Schottentor U|60201510
1299|Währinger Straße, Volksoper U|Pötzleinsdorf|60201510
1336|Währinger Straße, Volksoper U|Pötzleinsdorf|60201510
147|Währinger Straße, Volksoper U|Schottentor U|60201510
189|Währinger Straße, Volksoper U|Pötzleinsdorf|60201510
493|Währinger Straße, Volksoper U|Pötzleinsdorf~Schottentor U|60201510
516|Wallrißstraße|Pötzleinsdorf~Schottentor U|60201446
144|Weinhauser Gasse|Schottentor U|60201461
192|Weinhauser Gasse|Pötzleinsdorf|60201461
