301|U1
302|U2
303|U3
304|U4
306|U6
101|1
102|2
105|5
106|6
109|9
110|10
111|11
112|12
115|E4
118|18
125|25
126|26
127|27
130|30
131|31
137|37
138|38
140|40
141|41
142|42
143|43
144|44
146|46
149|49
152|52
160|60
162|62
171|71
136|D
170|O
399|LB
825|25BR
401|1A
402|2A
403|3A
404|4A
405|5A
407|7A
408|8A
409|9A
410|10A
411|11A
412|12A
413|13A
414|14A
415|15A
416|16A
417|17A
419|19A
420|20A
422|22A
424|24A
425|25A
426|26A
427|27A
428|28A
429|29A
430|30A
431|31A
432|32A
433|33A
434|34A
435|35A
436|36A
437|37A
438|38A
439|39A
440|40A
441|41A
442|42A
443|43A
444|44A
445|45A
446|46A
447|47A
448|48A
449|49A
450|50A
451|51A
452|52A
453|53A
454|54A
456|56A
457|57A
458|58A
459|59A
460|60A
461|61A
462|62A
463|63A
464|64A
465|65A
466|66A
467|67A
468|68A
469|69A
470|70A
471|71A
472|72A
473|73A
474|74A
476|76A
477|77A
478|78A
479|79A
480|80A
482|82A
484|84A
485|85A
486|86A
487|87A
488|88A
489|89A
492|92A
493|93A
494|94A
495|95A
496|96A
497|97A
498|98A
499|99A
205|5B
207|7B
220|20B
227|27B
229|29B
236|36B
243|43B
246|46B
247|47B
250|50B
251|51B
252|52B
254|54B
256|56B
258|58B
261|61B
264|64B
267|67B
268|68B
271|71B
273|73B
276|76B
279|79B
288|88B
292|92B
295|95B
299|99B
626|26E
627|26E
506|N6
508|N8
520|N20
523|N23
525|N25
529|N29
531|N31
535|N35
538|N38
541|N41
543|N43
546|N46
549|N49
560|N60
562|N62
565|N65
566|N66
567|N67
571|N71
575|N75
