StopID;Platform
8;G
13;B
18;J
22;D
36;E
39;G
42;B
46;C
51;D
95;J
124;H
134;A
137;K
147;C
161;B
176;A
189;E
220;B
234;A
253;C
259;D
302;F
340;E
370;D
400;C
404;E
422;G
426;B
464;A
470;C
477;B
483;B
484;C
493;A
500;A
573;A
574;C
666;A
679;A
688;B
723;B
724;A
756;D
764;H
768;E
789;B
806;C
826;C
833;J
847;H
851;A
885;B
923;E
998;D
1000;C
1010;A
1011;A
1012;B
1021;B
1024;A
1052;B
1120;C1
1125;G
1206;B
1212;A
1274;G
1299;F
1303;Q
1308;G
1325;P
1336;B
1345;B
1360;E
1371;F
1490;J
1502;I
1531;E
1596;E
1610;B
1656;B
1660;H
1678;E
1683;D
1710;C
1756;H
1818;D
1847;I
1848;H
1913;A
1939;B
2007;B
2011;S2
2024;F
2029;S4
2034;G
2058;K
2065;L
2099;M
2172;E
2189;F
2234;A
2240;B
2243;F
2251;C
2305;C
2343;B
2345;A
2359;D
2375;A
2403;D
2404;D
2408;F
2411;C
2426;E
2575;P
2576;Q
2579;C
2588;J
2671;G
2704;D
2729;A
2736;A
2748;C
2811;SEV
2814;J
2822;D
2823;H
2875;S1
2882;E
2900;F
2908;L
2910;K
2913;L
2918;E
2921;A
2923;A
2932;G
2934;E
2939;B
2959;G
2991;J
3011;C
3066;C
3170;A
3200;E
3242;B3
3282;B2
3283;B4
3313;F
3318;G
3319;B
3339;E
3357;C
3365;A
3387;F
3408;A
3498;V
3527;C
3565;B
3604;A
3607;B
3701;G
3711;F
3715;K
3826;B
3835;S
3836;U
3842;F
3847;E
3851;M
3903;F
3911;C
3989;A
3990;B
3991;C
3992;D
4101;1
4102;2
4103;1
4104;2
4105;1
4106;2
4107;1
4108;2
4109;1
4110;2
4111;1
4112;2
4113;1
4114;2
4115;1
4116;2
4117;1
4118;2
4119;1
4120;2
4121;1
4122;2
4123;1
4124;2
4125;1
4126;2
4127;1
4128;2
4129;2
4130;2
4131;2
4132;2
4133;2
4134;1
4135;1
4136;1
4137;1
4138;1
4181;1
4182;1
4183;1
4184;1
4185;1
4186;2
4187;2
4188;2
4189;2
4190;2
4201;1
4202;2
4203;1
4204;2
4205;1
4206;2
4209;1
4210;2
4211;1
4212;2
4213;1
4214;2
4251;1
4252;1
4253;1
4254;1
4255;1
4256;1
4257;1
4258;1
4259;1
4260;1
4261;1
4262;2
4263;2
4264;2
4265;2
4266;2
4267;2
4268;2
4269;2
4270;2
4271;2
4272;2
4273;2
4274;2
4275;2
4276;2
4277;1
4278;1
4279;1
4280;1
4401;1
4402;2
4403;1
4404;2
4405;1
4406;2
4407;1
4408;2
4409;1
4410;2
4411;1
4412;2
4413;1
4414;2
4415;1
4416;2
4417;1
4418;2
4419;1
4420;2
4421;1
4422;2
4423;1
4424;2
4425;1
4426;2
4427;1
4428;2
4429;1
4430;2
4431;1
4432;2
4433;1
4434;2
4435;1
4436;2
4437;1
4438;2
4439;1
4440;2
4603;2
4604;2
4605;2
4606;2
4607;2
4608;2
4609;2
4610;2
4611;2
4612;2
4613;2
4614;2
4615;1
4616;1
4617;1
4618;1
4619;1
4620;1
4621;1
4622;1
4623;1
4624;1
4625;1
4626;1
4627;1
4629;2
4630;2
4631;2
4632;2
4633;2
4634;2
4635;1
4636;1
4637;1
4638;1
4639;1
4640;1
4641;1
4642;1
4643;1
4644;1
4645;1
4646;2
4647;2
4648;2
4649;2
4650;1
4651;2
4807;Q
4808;R
4829;A
4900;2
4901;2
4902;2
4903;2
4904;2
4905;2
4906;2
4907;2
4908;2
4909;1
4910;1
4911;1
4912;1
4913;1
4914;1
4915;1
4916;1
4917;1
4918;2
4919;2
4920;2
4921;1
4922;1
4923;1
4924;2
4925;2
4926;1
4927;1
4928;2
4929;2
4930;2
4931;1
4932;1
4933;1
4934;1
4935;1
4936;1
4937;1
4938;2
4939;2
4940;2
4941;2
5065;B
5066;C
5070;C2
5430;P
5501;F6
5502;F5
5503;F4
5505;F3
5507;F2
5508;F1
5580;H
5587;C
5600;F2
5601;F3
5602;F4
5603;F5
5604;F6
5605;F1
5606;F7
5607;E9
5658;F
5662;D
5663;J
5665;H
5666;C
5669;G
5682;A
5697;B7
5704;C
5707;E
5710;F
5737;J
5943;C
5962;L
7041;4
7050;3
7394;P
7541;S3
8050;H
8051;G
8054;C
8055;D
8103;F
8104;E
8119;F
8139;A
8637;B
8682;G
8683;E
8685;F
8733;B
8750;F
8781;C4
